text,sentiment
"Excellent introduction to machine learning concepts, very clear explanations",1
"Too technical for beginners, couldn't follow the examples",0
"Great visual aids that helped explain complex algorithms",1
"Audio quality was poor, difficult to hear the presenter",0
"Perfect pacing, gave enough time to absorb each concept",1
"Rushed through important topics too quickly",0
"The practical examples made ML concepts easy to understand",1
"Boring presentation style, hard to stay focused",0
"Brilliant explanation of supervised vs unsupervised learning",1
"Confusing terminology without proper definitions",0
"Interactive elements kept me engaged throughout",1
"Too many technical jargon, needed simpler language",0
"Excellent breakdown of the machine learning workflow",1
"Slides were hard to read, text too small",0
"Great real-world examples that showed ML applications",1
"Monotone delivery made it difficult to concentrate",0
"Clear explanation of training and testing data concepts",1
"Went over my head, needed more basic introduction",0
"Fantastic demonstration of how algorithms learn patterns",1
"Video quality was pixelated and distracting",0
"Well-structured presentation with logical flow",1
"Jumped between topics without clear connections",0
"Loved the hands-on examples with actual datasets",1
"Too theoretical, needed more practical applications",0
"Excellent explanation of overfitting and underfitting",1
"Presenter seemed unprepared and fumbled explanations",0
"Great use of analogies to explain complex concepts",1
"Chat function wasn't working properly during Q&A",0
"Perfect introduction for someone new to ML",1
"Advanced concepts introduced too early",0
"Engaging presenter who made learning enjoyable",1
"Slides contained too much text, overwhelming",0
"Clear explanation of different types of algorithms",1
"Poor internet connection caused frequent interruptions",0
"Excellent Q&A session that addressed real concerns",1
"Didn't leave enough time for questions",0
"Great breakdown of the model evaluation process",1
"Examples were too simplistic and unrealistic",0
"Wonderful explanation of feature engineering",1
"Couldn't see the screen sharing clearly",0
"Perfect balance of theory and practical application",1
"Too focused on math, lost the bigger picture",0
"Inspiring presentation that motivated me to learn more",1
"Disorganised content, hard to follow the structure",0
"Excellent explanation of cross-validation techniques",1
"Microphone kept cutting out during important parts",0
"Great examples showing bias in machine learning",1
"Presenter spoke too fast to take notes",0
"Clear demonstration of model training process",1
"Outdated examples that weren't relevant anymore",0
"Fantastic introduction to neural networks",1
"Too many acronyms without explanations",0
"Well-paced presentation with good breaks",1
"Couldn't access the shared materials mentioned",0
"Excellent explanation of precision and recall",1
"Boring slides with no visual interest",0
"Great overview of different ML applications",1
"Audio echo made it hard to understand",0
"Perfect level of detail for beginners",1
"Skipped over important foundational concepts",0
"Engaging interactive polls throughout the session",1
"Presentation felt rushed and incomplete",0
"Excellent explanation of data preprocessing",1
"Screen froze multiple times during the demo",0
"Great storytelling approach to explain algorithms",1
"Too academic, needed more business applications",0
"Clear explanation of supervised learning methods",1
"Presenter seemed to be reading directly from slides",0
"Wonderful breakdown of the ML project lifecycle",1
"Chat was full of spam, couldn't ask questions",0
"Excellent use of visualisations to explain concepts",1
"Went too deep into technical details too quickly",0
"Great explanation of reinforcement learning basics",1
"Poor lighting made it hard to see the presenter",0
"Perfect introduction to data science concepts",1
"Examples were culturally insensitive and inappropriate",0
"Engaging presentation style that held my attention",1
"Slide transitions were distracting and annoying",0
"Excellent breakdown of ensemble methods",1
"Couldn't hear questions from other participants",0
"Great explanation of dimensionality reduction",1
"Presenter seemed nervous and made many mistakes",0
"Clear demonstration of algorithm selection process",1
"Slides had typos and grammatical errors",0
"Wonderful explanation of clustering algorithms",1
"Too many participants, couldn't interact properly",0
"Excellent introduction to deep learning concepts",1
"Presentation software kept glitching",0
"Great examples from healthcare and finance",1
"Didn't explain basic statistics prerequisites",0
"Perfect balance of breadth and depth",1
"Moderator wasn't controlling disruptive participants",0
"Excellent explanation of model deployment",1
"Time zone wasn't clearly communicated",0
"Great breakdown of ethical considerations in ML",1
"Presenter's camera was out of focus entire time",0
"Wonderful explanation of feature selection",1
"Too theoretical for practical application",0
"Engaging case studies from real companies",1
"Couldn't download the presentation slides",0
"Excellent explanation of regression vs classification",1
"Went overtime without warning participants",0
"Great demonstration of model interpretability",1
"Background noise was very distracting",0
"Perfect pace for taking comprehensive notes",1
"Slides weren't accessible for screen readers",0
"Excellent explanation of hyperparameter tuning",1
"Presenter's internet connection was unstable",0
"Great overview of ML tools and frameworks",1
"Didn't provide contact information for follow-up",0
"Wonderful explanation of gradient descent",1
"Poll questions were confusing and poorly worded",0
"Excellent breakdown of the bias-variance tradeoff",1
"Couldn't see cursor movements during demos",0
"Great explanation of anomaly detection methods",1
"Presenter seemed unprofessional and unprepared",0
"Perfect introduction to natural language processing",1
"Recording wasn't available as promised",0
"Excellent demonstration of data visualisation techniques",1
"Bandwidth issues caused constant buffering",0
"Great explanation of time series forecasting",1
"Didn't cover promised topics from the agenda",0
"Wonderful breakdown of computer vision applications",1
"Slides were in wrong order and confusing",0
"Excellent explanation of model validation strategies",1
"Couldn't unmute to ask questions when needed",0
"Great overview of ML in recommendation systems",1
"Presenter kept apologising and seemed flustered",0
"Perfect explanation of decision trees and random forests",1
"Presentation started 20 minutes late",0
"Excellent demonstration of A/B testing for ML",1
"Screen sharing resolution was too low to read",0
"Great breakdown of unsupervised learning techniques",1
"Didn't explain how to access additional resources",0
"Wonderful explanation of model monitoring in production",1
"Audio kept going in and out of sync",0
"Excellent introduction to AutoML concepts",1
"Presenter talked down to participants condescendingly",0
"Great explanation of feature engineering techniques",1
"Couldn't join breakout rooms as advertised",0
"Perfect balance of business and technical content",1
"Slides contained outdated information and statistics",0
"Excellent demonstration of data cleaning processes",1
"Platform crashed multiple times during session",0
"Great explanation of transfer learning applications",1
"Didn't provide clear next steps for learning",0
"Wonderful breakdown of ML model types",1
"Presenter's video was frozen for most of session",0
"Excellent explanation of confusion matrices",1
"Chat moderator was unresponsive to questions",0
"Great overview of cloud ML platforms",1
"Couldn't access promised hands-on exercises",0
"Perfect explanation of ROC curves and AUC",1
"Session ended abruptly without proper conclusion",0
"Excellent demonstration of data splitting strategies",1
"Presenter seemed to be multitasking during presentation",0
"Great explanation of ML ethics and fairness",1
"Couldn't save chat messages for later reference",0
"Wonderful introduction to ensemble learning",1
"Slide animations were slow and frustrating",0
"Excellent breakdown of feature scaling techniques",1
"Audio quality degraded significantly halfway through",0
"Great explanation of cross-validation methods",1
"Didn't explain technical terms used throughout",0
"Perfect demonstration of model evaluation metrics",1
"Presenter's microphone had constant static",0
"Excellent overview of ML in business applications",1
"Couldn't see shared screen on mobile device",0
"Great explanation of data augmentation techniques",1
"Session description didn't match actual content",0
"Wonderful breakdown of optimization algorithms",1
"Presenter seemed distracted by something off-screen",0
"Excellent explanation of regularisation techniques",1
"Platform interface was confusing and hard to navigate",0
"Great demonstration of handling imbalanced datasets",1
"Didn't provide transcript or captions as needed",0
"Perfect explanation of ML pipeline development",1
"Presenter kept repeating the same points",0
"Excellent introduction to probabilistic models",1
"Couldn't access polls due to technical issues",0
"Great breakdown of ML project management",1
"Session quality was inconsistent throughout",0
"Wonderful explanation of kernel methods",1
"Presenter appeared to be reading notes entire time",0
"Excellent demonstration of model interpretability tools",1
"Couldn't ask questions due to chat restrictions",0
"Great explanation of semi-supervised learning",1
"Technical difficulties overshadowed the content",0
"Perfect introduction to reinforcement learning",1
"Slides weren't shared until after the session",0
"Excellent overview of ML in healthcare applications",1
"Presenter's expertise seemed questionable",0
"Great explanation of dimensionality curse",1
"Couldn't hear other participants' questions clearly",0
"Wonderful breakdown of active learning strategies",1
"Session ran much longer than advertised",0
"Excellent demonstration of hyperparameter optimization",1
"Presenter seemed to favour certain participants",0
"Great explanation of online learning algorithms",1
"Couldn't access follow-up materials mentioned",0
"Perfect introduction to Bayesian machine learning",1
"Audio feedback was extremely distracting",0
"Excellent breakdown of ML security considerations",1
"Presenter didn't engage with participant questions",0
"Great explanation of multi-class classification",1
"Platform login process was overly complicated",0
"Wonderful demonstration of neural network training",1
"Slides had poor contrast and were hard to read",0
"Excellent explanation of ensemble voting methods",1
"Couldn't participate in interactive elements",0
"Great overview of ML model deployment strategies",1
"Presenter seemed bored with their own content",0
"Perfect explanation of gradient boosting algorithms",1
"Session materials weren't accessible beforehand",0
"Excellent demonstration of feature importance analysis",1
"Audio compression made speech hard to understand",0
"Great explanation of clustering evaluation metrics",1
"Didn't cover fundamental concepts thoroughly enough",0
"Wonderful breakdown of ML interpretability methods",1
"Presenter's camera angle was very unflattering",0
"Excellent introduction to causal inference",1
"Couldn't see demonstration clearly due to small text",0
"Great explanation of ML workflow automation",1
"Session felt more like a sales pitch",0
"Perfect demonstration of data preprocessing pipelines",1
"Presenter kept getting distracted by chat messages",0
"Excellent overview of ML in finance applications",1
"Couldn't download referenced code examples",0
"Great explanation of model versioning strategies",1
"Platform kept requesting unnecessary permissions",0
"Wonderful breakdown of distributed ML systems",1
"Presenter seemed to rush through important concepts",0
"Excellent demonstration of anomaly detection algorithms",1
"Audio quality made it impossible to follow along",0
"Great explanation of ML monitoring and alerting",1
"Didn't explain prerequisites clearly beforehand",0
"Perfect introduction to federated learning",1
"Slides weren't compatible with screen reader",0
"Excellent breakdown of ML testing strategies",1
"Presenter appeared to be eating during session",0
"Great explanation of recommendation system algorithms",1
"Couldn't access promised certificate of completion",0
"Wonderful demonstration of time series analysis",1
"Session content was too basic for advertised level",0
"Excellent overview of ML governance frameworks",1
"Presenter's internet kept dropping during demos",0
"Great explanation of ML model documentation",1
"Couldn't participate due to geographic restrictions",0
"Perfect breakdown of ML infrastructure requirements",1
"Audio echo chamber effect was very annoying",0
"Excellent demonstration of automated feature engineering",1
"Presenter didn't seem familiar with their own slides",0
"Great explanation of ML data quality assessment",1
"Couldn't see cursor during important demonstrations",0
"Wonderful introduction to probabilistic programming",1
"Session ended without time for promised networking",0
"Excellent breakdown of ML experiment tracking",1
"Presenter kept apologising for technical difficulties",0
"Great explanation of ML model compression techniques",1
"Couldn't access breakout room discussions as planned",0
"Perfect demonstration of transfer learning applications",1
"Platform user interface was confusing and buggy",0
"Excellent overview of ML in retail applications",1
"Presenter seemed to be dealing with children off-camera",0
"Great explanation of ML pipeline optimization",1
"Couldn't get technical support when needed",0
"Wonderful breakdown of ML team structure",1
"Session quality declined significantly over time",0
"Excellent demonstration of model ensemble techniques",1
"Presenter appeared to be in an inappropriate location",0
"Great explanation of ML cost optimization strategies",1
"Couldn't access interactive notebooks mentioned",0
"Perfect introduction to quantum machine learning",1
"Audio delay made real-time interaction impossible",0
"Excellent breakdown of ML compliance requirements",1
"Presenter seemed unprepared for technical questions",0
"Great explanation of ML scalability considerations",1
"Couldn't save or bookmark important parts",0
"Wonderful demonstration of automated ML pipelines",1
"Session content didn't match the skill level advertised",0
"Excellent overview of ML in manufacturing applications",1
"Presenter's connection issues disrupted flow constantly",0
"Great explanation of ML model lifecycle management",1
"Couldn't engage due to language barrier issues",0
"Perfect breakdown of ML performance optimization",1
"Slides contained factual errors and misconceptions",0
"Excellent demonstration of edge ML deployment",1
"Presenter seemed to be doing other work simultaneously",0
"Great explanation of ML data governance strategies",1
"Couldn't access session due to payment processing error",0
"Wonderful introduction to graph neural networks",1
"Platform crashed during the most important demonstration",0
"Excellent breakdown of ML risk management",1
"Presenter didn't acknowledge or respond to questions",0
"Great explanation of ML continuous integration",1
"Couldn't download session recording as promised",0
"Perfect demonstration of ML monitoring dashboards",1
"Audio cutting out made it impossible to learn",0
"Excellent overview of ML in transportation applications",1
"Presenter seemed to be reading from a different script",0
"Great explanation of ML model serving architectures",1
"Couldn't participate in polls due to browser issues",0
"Wonderful breakdown of ML team collaboration tools",1
"Session ran significantly over time without warning",0
"Excellent demonstration of ML workflow orchestration",1
"Presenter appeared unprofessional throughout session",0
"Great explanation of ML database integration strategies",1
"Couldn't access supplementary materials referenced",0
"Perfect introduction to meta-learning approaches",1
"Platform interface wasn't mobile-friendly at all",0
"Excellent breakdown of ML regulatory compliance",1
"Presenter seemed confused by their own examples",0
"Great explanation of ML containerization strategies",1
"Couldn't get help with accessibility accommodations",0
"Wonderful demonstration of ML API development",1
"Session content was outdated and no longer relevant",0
"Excellent overview of ML in energy applications",1
"Presenter's video quality was pixelated throughout",0
"Great explanation of ML distributed training methods",1
"Couldn't access session due to timezone confusion",0
"Perfect breakdown of ML security best practices",1
"Audio feedback loop made listening unbearable",0
"Excellent demonstration of ML real-time inference",1
"Presenter didn't seem knowledgeable about advanced topics",0
"Great explanation of ML data pipeline architecture",1
"Couldn't save progress or return to missed sections",0
"Wonderful introduction to neuromorphic computing",1
"Platform kept requesting login during active session",0
"Excellent breakdown of ML cost-benefit analysis",1
"Presenter seemed to be having personal phone conversations",0
"Great explanation of ML model governance frameworks",1
"Couldn't access promised one-on-one follow-up session",0
"Perfect demonstration of ML automated testing",1
"Session quality was inconsistent and unpredictable",0
"Excellent overview of ML in agriculture applications",1
"Presenter appeared to be in a noisy public location",0
"Great explanation of ML feature store implementation",1
"Couldn't participate due to corporate firewall restrictions",0
"Wonderful breakdown of ML observability practices",1
"Audio compression artifacts made speech unintelligible",0
"Excellent demonstration of ML model validation",1
"Presenter seemed overwhelmed by participant questions",0
"Great explanation of ML distributed computing frameworks",1
"Couldn't access interactive demos on my device",0
"Perfect introduction to differential privacy in ML",1
"Platform performance degraded throughout the session",0
"Excellent breakdown of ML talent acquisition strategies",1
"Presenter didn't seem prepared for the technical depth",0
"Great explanation of ML infrastructure as code",1
"Couldn't get refund when session didn't meet expectations",0
"Wonderful demonstration of ML continuous deployment",1
"Session ended abruptly due to presenter's schedule",0
"Excellent overview of ML in environmental applications",1
"Presenter's audio setup created constant distractions",0
"Great explanation of ML model registry systems",1
"Couldn't access community forum mentioned",0
"Perfect breakdown of ML operations best practices",1
"Platform crashed and lost all my notes",0
"Excellent demonstration of ML hyperparameter optimization",1
"Presenter seemed to favour questions from certain regions",0
"Great explanation of ML workflow version control",1
"Couldn't access session replay feature",0
"Wonderful introduction to quantum-enhanced machine learning",1
"Audio synchronisation issues made following impossible",0
"Excellent breakdown of ML resource management",1
"Presenter appeared to be multitasking throughout",0
"Great explanation of ML model interpretability frameworks",1
"Couldn't get technical support for accessibility features",0
"Perfect demonstration of ML automated documentation",1
"Session content was significantly different from description",0
"Excellent overview of ML in space technology applications",1
"Presenter's connection issues caused constant interruptions",0
"Great explanation of ML distributed data processing",1
"Couldn't access session due to payment method restrictions",0
"Wonderful breakdown of ML ethical framework implementation",1
"Platform interface changes disrupted the learning experience",0
"Excellent demonstration of ML real-time monitoring",1
"Presenter seemed unprepared for international audience",0
"Great explanation of ML cloud architecture patterns",1
"Couldn't download course materials for offline access",0
"Perfect introduction to ML hardware acceleration",1
"Audio quality made it impossible to understand accents",0
"Excellent breakdown of ML project portfolio management",1
"Presenter didn't seem familiar with latest developments",0
"Great explanation of ML data quality frameworks",1
"Couldn't participate due to company policy restrictions",0
"Wonderful demonstration of ML automated model selection",1
"Session recording wasn't available in promised timeframe",0
"Excellent overview of ML in cybersecurity applications",1
"Presenter appeared to be dealing with technical difficulties",0
"Great explanation of ML edge computing deployment",1
"Couldn't access live coding session as advertised",0
"Perfect breakdown of ML compliance automation",1
"Platform performance issues affected entire experience",0
"Excellent demonstration of ML workflow debugging",1
"Presenter seemed to avoid answering difficult questions",0
"Great explanation of ML microservices architecture",1
"Couldn't get clarification on confusing concepts",0
"Wonderful introduction to ML privacy-preserving techniques",1
"Audio delays made interactive portions impossible",0
"Excellent breakdown of ML talent development strategies",1
"Presenter appeared to be reading from outdated materials",0
"Great explanation of ML infrastructure monitoring",1
"Couldn't access promised mentorship opportunities",0
"Perfect demonstration of ML automated deployment pipelines",1
"Session quality control was clearly inadequate",0